NameB,NameD,NameE,NameF,Unnamed: 4,NameA(2字),Unnamed: 6,Unnamed: 7,NameA(3字),Unnamed: 9,Unnamed: 10,Unnamed: 11,Unnamed: 12,Unnamed: 13,Unnamed: 14
,,,,,,,,,,,,,,
宋,洋,佳,宇,,武希,许隆,贺湘,顾榆翰,夏沂淼,俞展晔,颜沐遥,沈煜帆,叶玮桦,梅琦琨
唐,浩,嘉,轩,,唐宇,薛霄,程谦,程竞钊,凌洛夏,曾晨哲,乔源意,顾隽灿,岳希晨,柳骏翔
许,宇,雨,佳,,常峻,欧晟,柳希,夏栩恒,尹优楚,兰如炫,柯羽杭,苗昶帆,施灵卓,夏烨朗
韩,博,泽,欣,,许钊,薛炫,耿彦,柳冠骞,尹艺澄,耿隽渊,汪茗榆,邱畅腾,陆朗琦,戴竣翼
曾,晨,宇,涵,,叶亿,杜柯,俞然,章鸣烁,施雨致,魏易熙,袁杭晟,苗灵灵,俞程钊,吕鸿奕
彭,翔,欣,铭,,乔展,温渝,严溪,颜恺渝,韦烁歌,韩鸣杭,戴茗畅,汪隽嘉,程炯星,邱昀煌
潘,雨,梓,然,,魏晨,顾展,尹琨,严屹齐,岳泊渊,钟雨晔,常楷涵,梅凌竣,顾晨鸣,范博骏
董,琦,浩,雨,,岳熙,戴捷,武琨,姚森鸿,齐韶策,乔彤杭,魏灿驰,吕楚锟,俞翼睿,姜泽卓
袁,星,若,琪,,夏可,韦斐,宋可,孟玄钧,常晏炫,温汇然,舒格逸,易溢涵,宋晏淼,孟键玺
叶,帆,彦,洋,,郝聪,唐炜,柯韬,梅若晋,武煜帆,易烨屹,欧致晟,苗泓捷,戴忻灿,钟梁汐
杜,聪,艺,泽,,施晔,董铭,潘晖,汪源凌,祝若钊,秦霖洛,柳源程,姚淼辰,贺灏湘,易翊捷
苏,哲,诗,浩,,许驰,舒靖,顾珂,武星笛,岳腾炫,黎彤楚,陆鉴纬,韦榆严,欧琛潇,祝昶禾
魏,昊,可,博,,陶晖,袁楷,乔煜,严然翼,章霖豪,苏隆优,耿哲汶,邱汇琦,程卓沂,俞洛佳
程,锐,晨,琦,,柯研,梅航,凌煌,薛昶灵,彭意孜,陆希澜,钟喻予,凌鼎骞,杜哲焱,梅熠旻
吕,扬,钰,翔,,姜可,施昀,乔禹,吕恺鸿,袁晔洛,舒蔚潇,陶楷烽,鲁谦榆,姚如湘,柯翔棋
沈,睿,铭,嘉,,夏卓,韩鸣,施若,尹翼棋,齐聪彦,梅艺焱,苏霄奕,邱铠诚,鲁愉溢,严骁扬
姚,玮,博,源,,尹熠,郝昀,夏煌,施溪卓,杜彦烽,温添靖,颜溪欣,付骁珩,舒潇雨,韦烨钊
卢,然,希,豪,,戴羽,秦韬,邱峻,郝唯贺,孟鸿童,叶意枫,易铠恒,郝沛铮,曾鸿桦,戴澄津
钟,航,星,羽,,鲁昀,苏棋,祝熙,陆畅蔚,施航烨,许森捷,薛泊汐,陶溪澄,苗喻旋,戴锐霖
姜,源,奕,晨,,汪畅,姜淇,齐贺,祝浩楚,郝熙扬,齐铭蒙,贺琪希,杜霖森,孟浩韬,姜尉骞
范,越,羽,哲,,,,,,,,,,,
汪,枫,鸿,霖,,,,,,,,,,,
陆,恒,睿,睿,,,,,,,,,,,
戴,畅,亦,星,,,,,,,,,,,
韦,森,如,辰,,,,,,,,,,,
夏,淼,哲,希,,,,,,,,,,,
邱,炜,靖,彤,,,,,,,,,,,
孟,靖,熙,聪,,,,,,,,,,,
秦,程,楚,灵,,,,,,,,,,,
薛,铭,卓,玮,,,,,,,,,,,
尹,硕,涵,森,,,,,,,,,,,
付,曦,逸,枫,,,,,,,,,,,
黎,昕,冠,钰,,,,,,,,,,,
贺,烨,昊,艺,,,,,,,,,,,
陶,可,灵,航,,,,,,,,,,,
顾,灿,凌,恒,,,,,,,,,,,
郝,诚,恒,熙,,,,,,,,,,,
严,潇,玮,如,,,,,,,,,,,
武,羽,煜,鸿,,,,,,,,,,,
常,腾,琦,诚,,,,,,,,,,,
温,晖,茗,鸣,,,,,,,,,,,
施,嘉,昕,城,,,,,,,,,,,
齐,捷,昱,昊,,,,,,,,,,,
易,卓,辰,茗,,,,,,,,,,,
乔,泽,皓,扬,,,,,,,,,,,
颜,豪,聪,可,,,,,,,,,,,
章,珂,湘,言,,,,,,,,,,,
鲁,彦,沛,桐,,,,,,,,,,,
岳,轩,易,帆,,,,,,,,,,,
欧,鸿,潇,淇,,,,,,,,,,,
耿,皓,言,钧,,,,,,,,,,,
兰,骏,炜,彦,,,,,,,,,,,
俞,凌,致,程,,,,,,,,,,,
柳,琛,夏,宸,,,,,,,,,,,
祝,煜,琪,皓,,,,,,,,,,,
舒,希,泓,昕,,,,,,,,,,,
柯,蒙,禹,烨,,,,,,,,,,,
梅,贺,锐,炜,,,,,,,,,,,
凌,辰,弘,锐,,,,,,,,,,,
苗,霖,晋,澜,,,,,,,,,,,
,晗,枫,榕,,,,,,,,,,,
,钊,翔,祺,,,,,,,,,,,
,鸣,钧,晖,,,,,,,,,,,
,晔,程,琛,,,,,,,,,,,
,旋,韶,逸,,,,,,,,,,,
,言,轩,曦,,,,,,,,,,,
,柯,添,淼,,,,,,,,,,,
,熙,柯,童,,,,,,,,,,,
,韬,源,凌,,,,,,,,,,,
,斐,霄,翰,,,,,,,,,,,
,城,宸,骏,,,,,,,,,,,
,奕,诚,捷,,,,,,,,,,,
,键,腾,煜,,,,,,,,,,,
,焱,鸣,腾,,,,,,,,,,,
,谦,意,越,,,,,,,,,,,
,渊,森,霄,,,,,,,,,,,
,滨,知,桦,,,,,,,,,,,
,铮,澜,棋,,,,,,,,,,,
,童,翰,谦,,,,,,,,,,,
,晋,泳,晗,,,,,,,,,,,
,峥,骏,卓,,,,,,,,,,,
,琨,齐,灿,,,,,,,,,,,
,驰,展,齐,,,,,,,,,,,
,桐,豪,梁,,,,,,,,,,,
,昱,晟,弘,,,,,,,,,,,
,逸,瀚,畅,,,,,,,,,,,
,晟,烨,诗,,,,,,,,,,,
,易,航,钊,,,,,,,,,,,
,沛,沐,滨,,,,,,,,,,,
,臻,越,渊,,,,,,,,,,,
,翼,峻,溪,,,,,,,,,,,
,禹,灿,诺,,,,,,,,,,,
,梁,珂,靖,,,,,,,,,,,
,齐,津,臻,,,,,,,,,,,
,湘,汶,硕,,,,,,,,,,,
,意,慕,若,,,,,,,,,,,
,霄,予,奕,,,,,,,,,,,
,展,榕,意,,,,,,,,,,,
,祺,曦,珂,,,,,,,,,,,
,策,扬,潇,,,,,,,,,,,
,轶,洋,隆,,,,,,,,,,,
,桦,琛,瀚,,,,,,,,,,,
,赫,轶,禹,,,,,,,,,,,
,钧,翊,朗,,,,,,,,,,,
,研,焱,韬,,,,,,,,,,,
,恺,城,湘,,,,,,,,,,,
,如,亿,淳,,,,,,,,,,,
,烁,孜,格,,,,,,,,,,,
,衡,贺,焱,,,,,,,,,,,
,津,梁,易,,,,,,,,,,,
,溪,誉,晟,,,,,,,,,,,
,杉,晗,蔚,,,,,,,,,,,
,弘,祺,夏,,,,,,,,,,,
,灏,栩,昱,,,,,,,,,,,
,昂,蔚,旋,,,,,,,,,,,
,添,洛,歌,,,,,,,,,,,
,炯,渝,衡,,,,,,,,,,,
,玺,昀,予,,,,,,,,,,,
,峻,霖,泓,,,,,,,,,,,
,渝,炫,赫,,,,,,,,,,,
,淇,唯,灏,,,,,,,,,,,
,楚,傲,策,,,,,,,,,,,
,朗,淇,丞,,,,,,,,,,,
,杭,隆,添,,,,,,,,,,,
,棋,俞,恺,,,,,,,,,,,
,严,朗,遥,,,,,,,,,,,
,瀚,淼,杭,,,,,,,,,,,
,宸,胤,驰,,,,,,,,,,,
,熠,彤,玺,,,,,,,,,,,
,淳,丞,煊,,,,,,,,,,,
,泓,畅,柯,,,,,,,,,,,
,泳,熠,亦,,,,,,,,,,,
,优,墨,楷,,,,,,,,,,,
,梓,谦,贺,,,,,,,,,,,
,昀,钊,麒,,,,,,,,,,,
,煌,玺,蒙,,,,,,,,,,,
,桢,楷,梓,,,,,,,,,,,
,若,淳,渝,,,,,,,,,,,
,玄,啸,晔,,,,,,,,,,,
,墨,灏,玄,,,,,,,,,,,
,楷,恺,翼,,,,,,,,,,,
,隆,翼,滔,,,,,,,,,,,
,麒,诺,汐,,,,,,,,,,,
,翰,桐,澄,,,,,,,,,,,
,澄,忻,楚,,,,,,,,,,,
,亿,捷,煌,,,,,,,,,,,
,冠,浚,琨,,,,,,,,,,,
,炫,翌,昀,,,,,,,,,,,
,,玄,桢,,,,,,,,,,,
,,竞,韶,,,,,,,,,,,
,,旻,冠,,,,,,,,,,,
,,鼎,禾,,,,,,,,,,,
,,童,沛,,,,,,,,,,,
,,溪,汶,,,,,,,,,,,
,,优,炫,,,,,,,,,,,
,,硕,熠,,,,,,,,,,,
,,羿,研,,,,,,,,,,,
,,严,铮,,,,,,,,,,,
,,麒,峻,,,,,,,,,,,
,,汇,键,,,,,,,,,,,
,,尹,津,,,,,,,,,,,
,,杭,霆,,,,,,,,,,,
,,研,展,,,,,,,,,,,
,,键,墨,,,,,,,,,,,
,,渊,颐,,,,,,,,,,,
,,竣,烽,,,,,,,,,,,
,,骁,誉,,,,,,,,,,,
,,喻,昂,,,,,,,,,,,
,,策,桓,,,,,,,,,,,
,,沂,优,,,,,,,,,,,
,,格,竣,,,,,,,,,,,
,,隽,知,,,,,,,,,,,
,,溢,栩,,,,,,,,,,,
,,臻,潼,,,,,,,,,,,
,,昶,致,,,,,,,,,,,
,,鉴,烁,,,,,,,,,,,
,,榆,燃,,,,,,,,,,,
,,颢,亿,,,,,,,,,,,
,,烁,严,,,,,,,,,,,
,,煦,熹,,,,,,,,,,,
,,赫,忻,,,,,,,,,,,
,,尉,旻,,,,,,,,,,,
,,泊,纬,,,,,,,,,,,
,,棋,榆,,,,,,,,,,,
,,沅,尹,,,,,,,,,,,
,,桢,孜,,,,,,,,,,,
,,滨,屹,,,,,,,,,,,
,,牧,晋,,,,,,,,,,,
,,然,沂,,,,,,,,,,,
,,悠,锟,,,,,,,,,,,
,,愉,骞,,,,,,,,,,,
,,炯,翊,,,,,,,,,,,
,,晏,溢,,,,,,,,,,,
,,屹,轶,,,,,,,,,,,
,,澄,倪,,,,,,,,,,,
,,谨,愉,,,,,,,,,,,
,,蒙,珩,,,,,,,,,,,
,,霁,洛,,,,,,,,,,,
,,晔,笛,,,,,,,,,,,
,,铠,瞳,,,,,,,,,,,
