NameB,NameE,NameF,Unnamed: 3,NameA,Unnamed: 5,Unnamed: 6,Unnamed: 7,Unnamed: 8,Unnamed: 9,Unnamed: 10,Unnamed: 11,Unnamed: 12,Unnamed: 13
,,,,,,,,,,,,,
冰,之,雪,,春子露,心中宇,飘星静,美光若,霜如露,忆飞飞,雪若情,樱梦意,梦天圆,枫天秋
雨,雨,雨,,天山峰,冰梦燕,琴天语,圆花想,影情恋,木叶宇,海星情,可爱杰,依思果,樱云天
心,中,梦,,茶星思,烟若夜,烟冰果,君思阳,浪月铃,浪恋荷,泉星美,秋飘翼,云清湖,飘云翔
夜,天,缘,,好冰菲,多花华,水思爱,木思菲,夜心雅,意山梦,星恋美,思清玲,蓝月冰,海爱果
枫,梦,子,,剑花落,樱如羽,琳如凝,冰心柔,扬清少,峰若欣,想如想,扬蓝飞,春天诗,城叶思
风,月,情,,凝飞柔,美雨华,泉风飘,扬之华,阳水尘,香子花,圆恋寒,可爱烟,青思玉,柔之里
恋,心,月,,露雪阳,飞爱依,恋叶思,雅幽玲,青梦源,清恋雪,莲风竹,玉叶凌,乐如恋,晴之燕
幽,恋,恋,,冬叶泉,阳飘里,可花红,羽水柔,春如羽,云中恋,缘天若,羽恋平,紫清缘,乐雪笑
天,花,风,,海冰月,春风杰,天夜宇,情云兰,香雨里,水梦鹰,峰飞城,新冰君,梦星翔,红星韵
幻,雪,心,,想里落,夜水木,秋恋语,花夜柔,竹中歌,海幽竹,灵飘荷,可思鹰,鹰雨雅,蓝雪琴
梦,风,星,,美花海,馨叶城,浪风翔,灵夜绿,可梦花,馨爱游,蝶飞果,烟林沙,雨林绿,韵雨光
忆,水,天,,依月落,莲花柔,雪蓝欣,寒山乐,飞恋雅,少飞菲,烟之香,灵恋静,琴思欣,雪幽绿
月,子,舞,,君中枫,雨飘影,君月树,绿心湖,缘梦缘,菲心林,琴夜龙,意飞里,心若花,乐恋雁
落,飞,夜,,鹰幽香,春雪欣,落之依,枫冰飞,海飞舞,露夜诗,鹰心月,冷雪尘,君里影,羽子雨
雪,夜,云,,舞飘天,静星梅,莲叶城,木爱冷,馨恋忆,冬月忆,圆情露,梦心浪,好梦平,圆天影
爱,星,花,,羽爱龙,梦水游,舞爱水,缘山星,雪花夏,阳雪茶,星若柳,青爱柔,夜梦玲,阳飘茶
舞,蓝,飞,,恋如露,秋里圆,爱蓝木,翔夜露,忆中铃,青水道,情思羽,蓝爱园,枫飞玲,缘星夏
星,情,水,,光花洋,海雪子,想叶雪,尘若樱,冰爱冷,雪林玲,少夜幽,泉星翔,蓝子果,灵雪香
飘,如,蓝,,飞风花,雨之琳,恋子水,木恋雅,雅如鹰,蓝水沙,竹中铃,莲雨山,明月意,莲之水
新,爱,海,,心子落,依飞光,菲飞影,红花铃,冷冰思,馨光红,雪风少,欣思若,若如沙,烟心琳
缘,云,灵,,,,,,,,,,,
浪,叶,爱,,,,,,,,,,,
影,若,寒,,,,,,,,,,,
情,冰,影,,,,,,,,,,,
灵,思,轩,,,,,,,,,,,
樱,幽,剑,,,,,,,,,,,
飞,山,枫,,,,,,,,,,,
紫,飘,林,,,,,,,,,,,
清,林,叶,,,,,,,,,,,
笑,清,蝶,,,,,,,,,,,
晴,里,龙,,,,,,,,,,,
蝶,光,冰,,,,,,,,,,,
馨,,飘,,,,,,,,,,,
水,,语,,,,,,,,,,,
海,,落,,,,,,,,,,,
欣,,路,,,,,,,,,,,
烟,,园,,,,,,,,,,,
静,,行,,,,,,,,,,,
凝,,乐,,,,,,,,,,,
山,,燕,,,,,,,,,,,
秋,,城,,,,,,,,,,,
春,,静,,,,,,,,,,,
青,,羽,,,,,,,,,,,
霜,,紫,,,,,,,,,,,
木,,香,,,,,,,,,,,
可,,尘,,,,,,,,,,,
露,,兰,,,,,,,,,,,
花,,笑,,,,,,,,,,,
峰,,谷,,,,,,,,,,,
红,,思,,,,,,,,,,,
思,,翼,,,,,,,,,,,
如,,茶,,,,,,,,,,,
剑,,竹,,,,,,,,,,,
尘,,冷,,,,,,,,,,,
云,,果,,,,,,,,,,,
明,,沙,,,,,,,,,,,
菲,,晴,,,,,,,,,,,
寒,,歌,,,,,,,,,,,
乐,,源,,,,,,,,,,,
冬,,树,,,,,,,,,,,
蓝,,光,,,,,,,,,,,
想,,湖,,,,,,,,,,,
莲,,幻,,,,,,,,,,,
若,,扬,,,,,,,,,,,
柔,,美,,,,,,,,,,,
意,,宇,,,,,,,,,,,
玲,,山,,,,,,,,,,,
琳,,玉,,,,,,,,,,,
依,,游,,,,,,,,,,,
香,,凌,,,,,,,,,,,
翔,,明,,,,,,,,,,,
雁,,幽,,,,,,,,,,,
君,,依,,,,,,,,,,,
美,,阳,,,,,,,,,,,
绿,,秋,,,,,,,,,,,
亮,,晨,,,,,,,,,,,
韵,,君,,,,,,,,,,,
光,,浪,,,,,,,,,,,
泉,,烟,,,,,,,,,,,
圆,,欣,,,,,,,,,,,
玉,,华,,,,,,,,,,,
茶,,忆,,,,,,,,,,,
竹,,梅,,,,,,,,,,,
少,,韵,,,,,,,,,,,
好,,木,,,,,,,,,,,
阳,,玲,,,,,,,,,,,
雅,,泉,,,,,,,,,,,
多,,馨,,,,,,,,,,,
城,,清,,,,,,,,,,,
鹰,,峰,,,,,,,,,,,
冷,,道,,,,,,,,,,,
琴,,铃,,,,,,,,,,,
羽,,露,,,,,,,,,,,
扬,,红,,,,,,,,,,,
,,杰,,,,,,,,,,,
,,翔,,,,,,,,,,,
,,少,,,,,,,,,,,
,,莲,,,,,,,,,,,
,,琳,,,,,,,,,,,
,,点,,,,,,,,,,,
,,里,,,,,,,,,,,
,,菲,,,,,,,,,,,
,,虎,,,,,,,,,,,
,,意,,,,,,,,,,,
,,樱,,,,,,,,,,,
,,雅,,,,,,,,,,,
,,新,,,,,,,,,,,
,,青,,,,,,,,,,,
,,霜,,,,,,,,,,,
,,洋,,,,,,,,,,,
,,夏,,,,,,,,,,,
,,鹰,,,,,,,,,,,
,,想,,,,,,,,,,,
,,琴,,,,,,,,,,,
,,凝,,,,,,,,,,,
,,亮,,,,,,,,,,,
,,荷,,,,,,,,,,,
,,声,,,,,,,,,,,
,,诗,,,,,,,,,,,
,,雁,,,,,,,,,,,
,,文,,,,,,,,,,,
,,松,,,,,,,,,,,
,,柔,,,,,,,,,,,
,,伊,,,,,,,,,,,
,,绿,,,,,,,,,,,
,,圆,,,,,,,,,,,
,,柳,,,,,,,,,,,
,,好,,,,,,,,,,,
,,平,,,,,,,,,,,
,,若,,,,,,,,,,,
,,颜,,,,,,,,,,,
