NameB,NameE,Name春,Name夏,Name秋,Name冬,Unnamed: 6,NameA春,Unnamed: 8,NameA夏,Unnamed: 10,NameA秋,Unnamed: 12,NameA冬,Unnamed: 14,Unnamed: 15
,,,,,,,,,,,,,,,
宋,佳,林,涵,宇,梅,,姜宇乔,汪芷苓,齐芊荷,温焱研,薛鸿炎,宋函珏,耿悦冬,韦夏咏,
唐,思,龙,洋,辉,东,,章梓莺,苗菡翠,沈淇汐,孟蓓蓉,俞淼果,舒亿菊,俞聪梅,郝思坚,
许,嘉,英,泽,荣,慧,,薛韶燕,卢轩雯,顾楚夏,曾峻玫,武歆娇,汪翼宇,唐忻咏,凌姗咏,
韩,雨,芳,浩,萍,琴,,郝钊蒙,袁泓宸,吕娅川,韦城湘,叶苑晔,易凌耀,沈芯柏,俞希坤,
曾,泽,红,源,兰,雪,,程朗晴,温琦姝,姚致瀚,严盈河,岳雅煌,范芮宇,陆涵琴,郝诗坤,
彭,宇,阳,江,霞,坤,,梅紫樱,彭泽琳,鲁雯潞,夏菲鹤,武琳桦,范姿耀,戴蕙咏,曾澜栋,
潘,梦,宁,莲,月,松,,彭琰英,夏亦龙,魏霖乾,易沛乾,姚栩煌,欧峻爽,吕羽东,付珈易,
董,雅,清,蓉,香,冰,,苏星钰,韦芷棠,耿栩潞,柳珈淞,戴致旻,兰菡菊,俞楷坤,鲁璐凌,
袁,欣,琳,风,琪,寒,,戴霖蒙,黎梦姝,耿祺薇,章昱江,章盈希,柳钰希,舒梦坚,程恒松,
叶,梓,涛,薇,翔,栋,,潘芯莹,付莹虎,武佳淼,舒滢淋,梅誉定,苗滢丰,郝苑素,卢茹东,
杜,浩,燕,茜,芬,冬,,苏朗蕾,欧博蕊,袁梓陆,鲁轩沛,薛诗翔,叶峻影,苗姝银,施亿慧, 
苏,若,春,泉,羽,银,,袁轩遥,韩筠萌,苗娅虹,柳啸泳,吕沛霜,严羿禾,章彤坤,舒昊白,
魏,紫,青,川,晨,凌,,吕芸菁,潘灵宸,陆翔茜,陶畅芙,秦俐葵,邱希谷,叶含东,施沛坚,
程,彦,艳,虹,秋,坚,,郝玄芳,温朗钰,钟畅漪,姚韵漪,俞泽灵,贺晟壮,夏添冰,袁沁东,
吕,艺,铭,昊,星,素,,秦琦鹃,沈蕊苓,薛芊淇,杜弘洪,袁沐申,汪泽庆,兰溪寒,严湘梅,
沈,诗,雨,扬,琼,咏,,祝滢庚,程颖苇,邱渝韬,易键川,邱彦炳,韦俞荣,章翼玄,温淼严,
姚,可,菲,洪,旭,柏,,舒筠雷,付腾宁,韦谦湘,苏玫扬,范泽迅,陆晋耘,吕皓银,吕姿坚,
卢,晨,新,淇,希,易,,颜孜辰,兰瑾蓝,袁靖沛,付诺淼,武珈桐,凌珈琪,彭娅咏,乔颜东,
钟,怡,雯,彦,芸,白,,汪聪震,欧恺森,卢芮潞,曾洋鹤,常竞琪,苏茜照,夏婷梅,严仪银,
姜,钰,元,菡,灵,玄,,梅夏翠,宋瑜柳,顾曼泳,夏婷洪,尹柳霜,夏星鹰,韩夏冰,舒聪寒,
范,铭,楠,水,庆,严,,,,,,,,,,
汪,博,莹,淼,菊,,,,,,,,,,,
陆,希,莉,童,枫,,,,,,,,,,,
戴,星,萱,荷,恒,,,,,,,,,,,
韦,奕,霖,盈,熙,,,,,,,,,,,
夏,羽,辰,河,贵,,,,,,,,,,,
邱,悦,花,润,鸿,,,,,,,,,,,
孟,鸿,彤,益,露,,,,,,,,,,,
秦,颖,群,滨,娇,,,,,,,,,,,
薛,馨,茹,溪,丰,,,,,,,,,,,
尹,琳,森,潇,凝,,,,,,,,,,,
付,舒,钰,瀚,影,,,,,,,,,,,
黎,雯,岚,禹,桂,,,,,,,,,,,
贺,睿,如,芙,桐,,,,,,,,,,,
陶,婉,竹,韬,巧,,,,,,,,,,,
顾,亦,蕊,湘,雁,,,,,,,,,,,
郝,伊,鸣,乾,皓,,,,,,,,,,,
严,筱,翠,夏,烨,,,,,,,,,,,
武,依,晴,泓,炜,,,,,,,,,,,
常,韵,虎,池,姣,,,,,,,,,,,
温,如,叶,淋,祺,,,,,,,,,,,
施,哲,蕾,鹤,晖,,,,,,,,,,,
齐,靖,莎,满,爽,,,,,,,,,,,
易,熙,宸,玫,炎,,,,,,,,,,,
乔,楚,杨,滔,耀,,,,,,,,,,,
颜,卓,萌,汐,婵,,,,,,,,,,,
章,芷,菁,澄,昭,,,,,,,,,,,
鲁,涵,榕,沛,煜,,,,,,,,,,,
岳,逸,雷,研,琰,,,,,,,,,,,
欧,冠,枝,津,桦,,,,,,,,,,,
耿,昊,蓓,潮,棋,,,,,,,,,,,
兰,灵,霄,潼,霜,,,,,,,,,,,
俞,语,碧,漪,灿,,,,,,,,,,,
柳,凌,泰,芊,齐,,,,,,,,,,,
祝,芸,蓝,罡,硕,,,,,,,,,,,
舒,妍,霏,泳,朝,,,,,,,,,,,
柯,恒,树,端,朗,,,,,,,,,,,
梅,玮,莺,淞,焱,,,,,,,,,,,
凌,煜,瑛,沐,果,,,,,,,,,,,
苗,婷,乔,游,昱,,,,,,,,,,,
,琦,原,潞,圆,,,,,,,,,,,
,仪,芷,汀,衡,,,,,,,,,,,
,茗,茵,陆,焕,,,,,,,,,,,
,昕,卉,衍,驰,,,,,,,,,,,
,昱,苗,,壮,,,,,,,,,,,
,曼,桃,,珏,,,,,,,,,,,
,辰,初,,晔,,,,,,,,,,,
,虹,柳,,皎,,,,,,,,,,,
,茜,木,,楚,,,,,,,,,,,
,璐,苹,,煌,,,,,,,,,,,
,皓,震,,炳,,,,,,,,,,,
,菲,音,,禾,,,,,,,,,,,
,瑶,遥,,申,,,,,,,,,,,
,娅,柯,,烽,,,,,,,,,,,
,聪,蒙,,定,,,,,,,,,,,
,湘,姝,,望,,,,,,,,,,,
,沛,菱,,栩,,,,,,,,,,,
,薇,苏,,烁,,,,,,,,,,,
,易,征,,照,,,,,,,,,,,
,潇,樱,,旻,,,,,,,,,,,
,言,苇,,实,,,,,,,,,,,
,炜,庚,,鹰,,,,,,,,,,,
,柔,棠,,骐,,,,,,,,,,,
,瑾,迎,,谷,,,,,,,,,,,
,茹,鹃,,穗,,,,,,,,,,,
,致,杏,,荧,,,,,,,,,,,
,夏,苓,,迅,,,,,,,,,,,
,琪,珑,,耘,,,,,,,,,,,
,泓,煦,,葵,,,,,,,,,,,
,莹,澎,,昶,,,,,,,,,,,
,禹,荟,,焰,,,,,,,,,,,
,婧,霁,,宙,,,,,,,,,,,
,瑜,宵,,嫦,,,,,,,,,,,
,凝,朔,,,,,,,,,,,,,
,锐,旦,,,,,,,,,,,,,
,蕊,,,,,,,,,,,,,,
,弘,,,,,,,,,,,,,,
,晋,,,,,,,,,,,,,,
,柳,,,,,,,,,,,,,,
,枫,,,,,,,,,,,,,,
,翔,,,,,,,,,,,,,,
,钧,,,,,,,,,,,,,,
,程,,,,,,,,,,,,,,
,琬,,,,,,,,,,,,,,
,珊,,,,,,,,,,,,,,
,韶,,,,,,,,,,,,,,
,姿,,,,,,,,,,,,,,
,滢,,,,,,,,,,,,,,
,轩,,,,,,,,,,,,,,
,菁,,,,,,,,,,,,,,
,岚,,,,,,,,,,,,,,
,添,,,,,,,,,,,,,,
,柯,,,,,,,,,,,,,,
,源,,,,,,,,,,,,,,
,霄,,,,,,,,,,,,,,
,宸,,,,,,,,,,,,,,
,沁,,,,,,,,,,,,,,
,筠,,,,,,,,,,,,,,
,婕,,,,,,,,,,,,,,
,诚,,,,,,,,,,,,,,
,蓓,,,,,,,,,,,,,,
,腾,,,,,,,,,,,,,,
,苑,,,,,,,,,,,,,,
,鸣,,,,,,,,,,,,,,
,琰,,,,,,,,,,,,,,
,意,,,,,,,,,,,,,,
,森,,,,,,,,,,,,,,
,莎,,,,,,,,,,,,,,
,知,,,,,,,,,,,,,,
,澜,,,,,,,,,,,,,,
,姝,,,,,,,,,,,,,,
,翰,,,,,,,,,,,,,,
,泳,,,,,,,,,,,,,,
,楠,,,,,,,,,,,,,,
,蕙,,,,,,,,,,,,,,
,萱,,,,,,,,,,,,,,
,忆,,,,,,,,,,,,,,
,骏,,,,,,,,,,,,,,
,齐,,,,,,,,,,,,,,
,展,,,,,,,,,,,,,,
,娴,,,,,,,,,,,,,,
,豪,,,,,,,,,,,,,,
,晟,,,,,,,,,,,,,,
,菡,,,,,,,,,,,,,,
,玥,,,,,,,,,,,,,,
,瀚,,,,,,,,,,,,,,
,盈,,,,,,,,,,,,,,
,烨,,,,,,,,,,,,,,
,芯,,,,,,,,,,,,,,
,航,,,,,,,,,,,,,,
,姗,,,,,,,,,,,,,,
,沐,,,,,,,,,,,,,,
,越,,,,,,,,,,,,,,
,歆,,,,,,,,,,,,,,
,芮,,,,,,,,,,,,,,
,峻,,,,,,,,,,,,,,
,灿,,,,,,,,,,,,,,
,珂,,,,,,,,,,,,,,
,津,,,,,,,,,,,,,,
,含,,,,,,,,,,,,,,
,汶,,,,,,,,,,,,,,
,慕,,,,,,,,,,,,,,
,予,,,,,,,,,,,,,,
,宛,,,,,,,,,,,,,,
,榕,,,,,,,,,,,,,,
,曦,,,,,,,,,,,,,,
,扬,,,,,,,,,,,,,,
,洋,,,,,,,,,,,,,,
,琛,,,,,,,,,,,,,,
,轶,,,,,,,,,,,,,,
,颜,,,,,,,,,,,,,,
,翊,,,,,,,,,,,,,,
,焱,,,,,,,,,,,,,,
,晴,,,,,,,,,,,,,,
,蕴,,,,,,,,,,,,,,
,城,,,,,,,,,,,,,,
,亿,,,,,,,,,,,,,,
,绮,,,,,,,,,,,,,,
,孜,,,,,,,,,,,,,,
,贺,,,,,,,,,,,,,,
,梁,,,,,,,,,,,,,,
,誉,,,,,,,,,,,,,,
,晗,,,,,,,,,,,,,,
,祺,,,,,,,,,,,,,,
,栩,,,,,,,,,,,,,,
,珈,,,,,,,,,,,,,,
,蔚,,,,,,,,,,,,,,
,洛,,,,,,,,,,,,,,
,渝,,,,,,,,,,,,,,
,昀,,,,,,,,,,,,,,
,霖,,,,,,,,,,,,,,
,炫,,,,,,,,,,,,,,
,唯,,,,,,,,,,,,,,
,傲,,,,,,,,,,,,,,
,淇,,,,,,,,,,,,,,
,隆,,,,,,,,,,,,,,
,俞,,,,,,,,,,,,,,
,朗,,,,,,,,,,,,,,
,淼,,,,,,,,,,,,,,
,芊,,,,,,,,,,,,,,
,胤,,,,,,,,,,,,,,
,彤,,,,,,,,,,,,,,
,丞,,,,,,,,,,,,,,
,畅,,,,,,,,,,,,,,
,熠,,,,,,,,,,,,,,
,墨,,,,,,,,,,,,,,
,谦,,,,,,,,,,,,,,
,钊,,,,,,,,,,,,,,
,玺,,,,,,,,,,,,,,
,楷,,,,,,,,,,,,,,
,淳,,,,,,,,,,,,,,
,啸,,,,,,,,,,,,,,
,灏,,,,,,,,,,,,,,
,译,,,,,,,,,,,,,,
,妤,,,,,,,,,,,,,,
,恺,,,,,,,,,,,,,,
,萌,,,,,,,,,,,,,,
,翼,,,,,,,,,,,,,,
,诺,,,,,,,,,,,,,,
,桐,,,,,,,,,,,,,,
,忻,,,,,,,,,,,,,,
,捷,,,,,,,,,,,,,,
,浚,,,,,,,,,,,,,,
,翌,,,,,,,,,,,,,,
,玄,,,,,,,,,,,,,,
,竞,,,,,,,,,,,,,,
,旻,,,,,,,,,,,,,,
,鼎,,,,,,,,,,,,,,
,珺,,,,,,,,,,,,,,
,童,,,,,,,,,,,,,,
,溪,,,,,,,,,,,,,,
,玫,,,,,,,,,,,,,,
,函,,,,,,,,,,,,,,
,珏,,,,,,,,,,,,,,
,优,,,,,,,,,,,,,,
,硕,,,,,,,,,,,,,,
,羿,,,,,,,,,,,,,,
,严,,,,,,,,,,,,,,
,麒,,,,,,,,,,,,,,
,汇,,,,,,,,,,,,,,
,尹,,,,,,,,,,,,,,
,杭,,,,,,,,,,,,,,
,卉,,,,,,,,,,,,,,
,研,,,,,,,,,,,,,,
,键,,,,,,,,,,,,,,
,俐,,,,,,,,,,,,,,
